{
    "openapi": "3.0.0",
    "info": {
        "title": "APIs For Thrift Store",
        "version": "1.0.0"
    },
    "paths": {
        "/api/register": {
            "post": {
                "tags": [
                    "Auth"
                ],
                "summary": "Register a new user",
                "description": "User Registration Endpoint",
                "operationId": "registerUser",
                "requestBody": {
                    "required": true,
                    "content": {
                        "application/json": {
                            "schema": {
                                "required": [
                                    "name",
                                    "email",
                                    "password",
                                    "password_confirmation"
                                ],
                                "properties": {
                                    "name": {
                                        "type": "string"
                                    },
                                    "email": {
                                        "type": "string"
                                    },
                                    "password": {
                                        "type": "string",
                                        "format": "password"
                                    },
                                    "password_confirmation": {
                                        "type": "string",
                                        "format": "password"
                                    }
                                },
                                "type": "object"
                            }
                        }
                    }
                },
                "responses": {
                    "201": {
                        "description": "User Registered Successfully",
                        "content": {
                            "application/json": {
                                "schema": {
                                    "properties": {
                                        "user": {
                                            "$ref": "#/components/schemas/User"
                                        }
                                    },
                                    "type": "object"
                                }
                            }
                        }
                    },
                    "422": {
                        "description": "Unprocessable Entity",
                        "content": {
                            "application/json": {
                                "schema": {
                                    "properties": {
                                        "error": {
                                            "type": "string"
                                        }
                                    },
                                    "type": "object"
                                }
                            }
                        }
                    },
                    "400": {
                        "description": "Bad Request",
                        "content": {
                            "application/json": {
                                "schema": {
                                    "properties": {
                                        "error": {
                                            "type": "string"
                                        }
                                    },
                                    "type": "object"
                                }
                            }
                        }
                    }
                }
            }
        },
        "/api/login": {
            "post": {
                "tags": [
                    "Auth"
                ],
                "summary": "Login a user",
                "description": "User Login Endpoint",
                "operationId": "loginUser",
                "requestBody": {
                    "required": true,
                    "content": {
                        "application/json": {
                            "schema": {
                                "required": [
                                    "email",
                                    "password"
                                ],
                                "properties": {
                                    "email": {
                                        "type": "string"
                                    },
                                    "password": {
                                        "type": "string",
                                        "format": "password"
                                    }
                                },
                                "type": "object"
                            }
                        }
                    }
                },
                "responses": {
                    "200": {
                        "description": "Login successfully",
                        "content": {
                            "application/json": {
                                "schema": {
                                    "properties": {
                                        "message": {
                                            "type": "string"
                                        },
                                        "token_type": {
                                            "type": "string"
                                        },
                                        "user": {
                                            "$ref": "#/components/schemas/User"
                                        },
                                        "access_token": {
                                            "type": "string"
                                        }
                                    },
                                    "type": "object"
                                }
                            }
                        }
                    },
                    "401": {
                        "description": "Incorrect username or password",
                        "content": {
                            "application/json": {
                                "schema": {
                                    "properties": {
                                        "message": {
                                            "type": "string"
                                        }
                                    },
                                    "type": "object"
                                }
                            }
                        }
                    },
                    "422": {
                        "description": "Validation Error",
                        "content": {
                            "application/json": {
                                "schema": {
                                    "properties": {
                                        "errors": {
                                            "type": "object"
                                        }
                                    },
                                    "type": "object"
                                }
                            }
                        }
                    }
                }
            }
        },
        "/api/logout": {
            "post": {
                "tags": [
                    "Auth"
                ],
                "summary": "Logout a user",
                "description": "User Logout Endpoint",
                "operationId": "logoutUser",
                "responses": {
                    "200": {
                        "description": "Logged out successfully",
                        "content": {
                            "application/json": {
                                "schema": {
                                    "properties": {
                                        "message": {
                                            "type": "string"
                                        }
                                    },
                                    "type": "object"
                                }
                            }
                        }
                    }
                }
            }
        },
        "/api/user": {
            "get": {
                "tags": [
                    "Auth"
                ],
                "summary": "Get logged in user details",
                "description": "User Details Endpoint",
                "operationId": "getUserDetails",
                "responses": {
                    "200": {
                        "description": "User details retrieved successfully",
                        "content": {
                            "application/json": {
                                "schema": {
                                    "properties": {
                                        "message": {
                                            "type": "string"
                                        },
                                        "data": {
                                            "$ref": "#/components/schemas/User"
                                        }
                                    },
                                    "type": "object"
                                }
                            }
                        }
                    }
                }
            }
        }
    },
    "components": {
        "schemas": {
            "User": {
                "title": "User",
                "required": [
                    "id",
                    "name",
                    "email"
                ],
                "properties": {
                    "id": {
                        "description": "User ID",
                        "type": "integer"
                    },
                    "name": {
                        "description": "User name",
                        "type": "string"
                    },
                    "email": {
                        "description": "User email",
                        "type": "string"
                    },
                    "created_at": {
                        "description": "Creation timestamp",
                        "type": "string",
                        "format": "date-time"
                    },
                    "updated_at": {
                        "description": "Last update timestamp",
                        "type": "string",
                        "format": "date-time"
                    }
                },
                "type": "object"
            }
        },
        "securitySchemes": {
            "bearerAuth": {
                "type": "http",
                "name": "bearerAuth",
                "in": "header",
                "bearerFormat": "JWT",
                "scheme": "bearer"
            }
        }
    }
}